USE PERADILAN;

INSERT INTO PENGADILAN
VALUES (N'011391',N'Pengadilan Negeri Jakarta Selatan', N'Jl. Ampera Raya No. 133, Ragunan Pasar Minggu, Daerah Khusus Ibukota Jakarta 12550, Indonesia', N'Jakarta Selatan', 'Pertama',N'(021) 7805908');

INSERT INTO HAKIM
VALUES (N'19741214 200112 1 001', N'HENDRA YURISTIAWAN, SH., MH', N' Pembina Tingkat I (IV/b)', N'011391');
INSERT INTO HAKIM
VALUES ( N'19660807 199212 2 001', N'FAUZIAH HANUM HARAHAP. SH., MH', N'Pembina Utama Madya (IV/d)', N'011391');

INSERT INTO PERKARA (No_Perkara, Klasifikasi_Perkara, Tanggal_Register)
VALUES (N'903/Pdt.G/2022/PN JKT.SEL',N'Wanprestasi', N'2022-07-14');
INSERT INTO PERKARA (No_Perkara, Klasifikasi_Perkara, Tanggal_Register)
VALUES (N'263/Pid.Sus/2022/PN JKT.SEL', N'Narkotika', N'2022-05-04');

INSERT INTO PIDANA
VALUES (N'263/Pid.Sus/2022/PN JKT.SEL', N'MENUNTUT
Menyatakan terdakwa Dewa Shahrul Ramadhan Alias Buluk Bin Mugni (Alm) dan Terdakwa Evan Septiansyah Alias Evan Bin Iwin Winarya (Alm) bersalah melakukan tindak pidana ” Permufakaatan Jahat Melakukan Tindak Pidana Narkotika tanpa hak dan melawan hukum menawarkan untuk dijual, menjual, membeli, menerima, menjadi perantara dalam jual beli, menukar atau menyerahkan Narkotika Golongan I” sebagaimana diatur dan diancam pidana dalam Pasal 114 Ayat (1) Jo Pasal 132 Ayat (1) Undang-Undang Republik Indonesia Nomor 35 tahun 2009 tentang Narkotika.
Menjatuhkan pidana terhadap terdakwa Dewa Shahrul Ramadhan Alias Buluk Bin Mugni (Alm) dan Terdakwa Evan Septiansyah Alias Evan Bin Iwin Winarya (Alm) dengan pidana penjara selama 6 (enam) tahun dan 6 (enam) bulan dikurangi selama terdakwa berada dalam tahanan sementara dengan perintah terdakwa tetap ditahan.
Menjatuhkan Pidana denda terhadap terdakwa Dewa Shahrul Ramadhan Alias Buluk Bin Mugni (Alm) dan Terdakwa Evan Septiansyah Alias Evan Bin Iwin Winarya (Alm) sebesar Rp. 1.000.000.000 Subsidair 3 (Tiga) bulan Penjara.  
Menyatakan barang bukti berupa :
1 (satu) bungkus plastik klip bening berisikan yang berisikan narkotika bukan tanaman (shabu), berat Netto 0,6628 gram.
          (Dirampas Untuk Dimusnahkan)

1 (satu) unit handphone merk Vivo Y12, Warana Merah beserta simcard 089520482318.
            (Dirampas Untuk Negara)

5. Menyatakan supaya terdakwa membayar biaya perkara sebesar Rp. 5.000,- (lima ribu rupiah).', N'PERTAMA :
Bahwa terdakwa 1. DEWA SHAHRUL RAMADHAN alias BULUK bin MUGNI (alm) bersama dengan terdakwa 2. EVAN SEPTIANSYAH alias EVAN bin IWIN WINARYA (alm), pada hari Kamis tanggal 25 November 2021 sekira pukul 22.00 Wib, atau setidak-tidaknya pada suatu waktu lain dalam bulan November tahun 2021 bertempat di depan Citi Mart Hotel BSD Jalan Boulevard BSD Timur Kel. Rawa Buntu Kec. Serpong Kota Tangerang Selatan atau setidak-tidaknya dalam daerah hukum Pengadilan Negeri Kota Tangerang namun berdasarkan Pasal 84 ayat (2) KUHAP Pengadilan Negeri Jakarta Selatan berwenang mengadili perkara terdakwa tersebut, karena tempat kediaman sebagian besar saksi yang dipanggil lebih dekat pada tempat Pengadilan Negeri itu dari pada tempat kedudukan Pengadilan Negeri yang di dalam daerahnya tindak pidana itu dilakukan, melakukan pemufakatan jahat untuk melakukan tindak pidana, tanpa hak atau melawan hukum menawarkan untuk dijual, menjual, membeli, menerima, menjadi perantara dalam jual beli, menukar atau menyerahkan Narkotika Golongan I, perbuatan tersebut dilakukan para terdakwa dengan cara-cara sebagai berikut : -----------------------------
-    Bahwa pada hari Kamis tanggal 25 November 2021 sekira pukul 15.00 Wib terdakwa 1. DEWA SHAHRUL RAMADHAN alias BULUK bin MUGNI (alm) dihubungi oleh seorang laki-laki dengan nama panggilan sdr. AA CEPOT (DPO) dengan maksud untuk mengambil narkotika jenis shabu yang rencananya akan diserahkan kepada pembeli dengan cara ditempel, setelah disepakati selanjutnya terdakwa 1 mengajak terdakwa 2 EVAN SEPTIANSYAH alias EVAN bin IWIN WINARYA (alm) untuk ikut mengambil serta menyerahkan narkotika jenis shabu tersebut dan biasanya para terdakwa mendapatkan upah masing-masing sebesar Rp.50.000,- (lima puluh ribu rupiah) s.d Rp.100.000,- (seratus ribu rupiah) dari sdr. AA CEPOT (DPO), setelah disepakati selanjutnya sekitar jam 19.00 wib sdr. AA CEPOT (DPO) kembali menghubungi terdakwa 1 untuk menanyakan nomor handphone yang akan digunakan untuk transaksi kepada pembeli dan terdakwa 1 menjawab agar menghubungi ke handphone Vivo Y12 merah Maroon dengan nomor simcard 089520482318 miliknya, setelah itu para terdakwa diarahkan oleh sdr. AA CEPOT (DPO) untuk mengambil narkotika jenis shabu yang sebelumnya telah di tempel dibawah Gapura samping RSUD Cibinong yang beralamat di Jalan KSR Dadi Kusmayadi Kel. Harapan Jaya Kec. Cibinong Bogor, atas perintah sdr. AA CEPOT (DPO) selanjutnya para terdakwa langsung pergi menuju lokasi berboncengan sepeda motor, setelah sampai sekitar jam 19.30 wib terdakwa 1 mengambil 1 (satu) bungkus bekas rokok Gudang garam Filter berisi 3 (tiga) paket narkotika jenis shabu yang selanjutnya terdakwa bawa pergi.
-    Kemudian saat diperjalanan terdakwa 1. kembali dihubungi oleh sdr. AA CEPOT (DPO) agar mengantarkan narkotika jenis shabu dengan cara di tempel di beberapa tempat antara lain :
1.    Pada hari Kamis tanggal 25 November 2021 sekitar jam 21.00 wib para terdakwa diminta untuk menempel narkotika jenis shabu di depan pintu masuk Universitas Indonesia sebanyak 1 (satu) bungkus paket berisi narkotika jenis shabu seharga Rp.400.000,- (empat ratus ribu rupiah);
2.    Pada hari Kamis tanggal 25 November 2021 sekitar jam 21.30 wib para terdakwa diminta untuk menempel narkotika jenis shabu di daerah Tanah Baru Kota Depok sebanyak 1 (satu) bungkus paket berisi narkotika jenis shabu seharga Rp.700.000,- (tujuh ratus ribu rupiah);
3.    Pada hari Kamis tanggal 25 November 2021 sekitar jam 22.00 wib para terdakwa diminta untuk menempel narkotika jenis shabu di BSD Kota Tangerang Selatan sebanyak 1 (satu) bungkus paket berisi narkotika jenis shabu;
Namun saat para terdakwa baru sampai di depan Citi Mart Hotel BSD Jalan Boulevard BSD Timur Kel. Rawa Buntu Kec. Serpong Kota Tangerang Selatan dihampiri oleh beberapa anggota Polisi dari Sat Narkoba Polres Metro Jakarta Selatan yaitu saksi ASEP NURYADIN bersama dengan saksi WAHYU FITRIANSYAH yang sebelumnya mendapat informasi dari warga masyarakat bahwa di derah tersebut sering dijadikan tempat peredaran narkotika, lalu saat dilakukan penggeledahan badan terhadap para terdakwa ditemukan 1 (satu) lembar tissue warna putih berisi 1 (satu) bungkus bekas permen “Lazery Yogurt” berisi 1 (satu) bungkus plastik klip berisikan kristal warna putih dengan berat netto 0,6787 gram yang sebeleumnya terdakwa 1 simpan didalam kantong celana depan sebelah kanan serta dilakukan penyitaan terhadap 1 (satu) unit handphone Vivo Y12 merah Maroon dengan nomor simcard 089520482318 milik terdakwa 1, sedangkan dari penguasaan terdakwa 2 tidak ditemukan narkotika jenis shabu, selanjutnya terdakwa berikut barang bukti langsung diamankan ke Polsek Pesanggrahan Jakarta Selatan untuk pemeriksaan lebih lanjut.
-    Bahwa para terdakwa melakukan pemufakatan jahat untuk melakukan tindak pidana, menjual, membeli, menerima, menjadi perantara dalam jual beli, menukar atau menyerahkan Narkotika Golongan I dalam bentuk bukan tanaman berupa narkotika jenis shabu dengan berat netto 0,6787 gram tersebut tanpa dilengkapi surat ijin dari Menteri Kesehatan RI atau Instansi yang berwenang lainnya dan juga bukan untuk kepentingan Ilmu Pengetahuan atau Kesehatan serta tidak ada kaitannya dengan kegiatan atau pekerjaan terdakwa sehari-hari.
-    Bahwa Berdasarkan Berita Acara Pemeriksaan Laboratoris Kriminalistik dari Badan Reserse Kriminal Polri Pusat Laboratorium Forensik NO.LAB : 5278/NNF/2021, pada tanggal 09 Desember 2021 dapat disimpulkan bahwa : 1 (satu) lembar tissue warna putih berisi 1 (satu) bungkus bekas permen “Lazery Yogurt” berisi 1 (satu) bungkus plastik klip berisikan kristal warna putih dengan berat netto 0,6787 gram, diberi nomor barang bukti 3432/2021/NF yang disita para terdakwa tersebut adalah benar mengandung Metamfetamina dan terdaftar dalam Golongan I nomor urut 61 Lampiran Undang-Undang RI Nomor 35 tahun 2009 tentang Narkotika, (sisa hasil lab berat netto 0,6628 gram).
--- Perbuatan para terdakwa sebagaimana diatur dan diancam pidana dalam Pasal 114 ayat (1) jo 132 ayat (1) Undang-Undang RI No.  35 tahun 2009 tentang Narkotika.

ATAU
KEDUA

-------- Bahwa terdakwa 1. DEWA SHAHRUL RAMADHAN alias BULUK bin MUGNI (alm) bersama dengan terdakwa 2. EVAN SEPTIANSYAH alias EVAN bin IWIN WINARYA (alm), pada hari Kamis tanggal 25 November 2021 sekira pukul 22.00 Wib, atau setidak-tidaknya pada suatu waktu lain dalam bulan November tahun 2021 bertempat di depan Citi Mart Hotel BSD Jalan Boulevard BSD Timur Kel. Rawa Buntu Kec. Serpong Kota Tangerang Selatan atau setidak-tidaknya dalam daerah hukum Pengadilan Negeri Kota Tangerang namun berdasarkan Pasal 84 ayat (2) KUHAP Pengadilan Negeri Jakarta Selatan berwenang mengadili perkara terdakwa tersebut, karena tempat kediaman sebagian besar saksi yang dipanggil lebih dekat pada tempat Pengadilan Negeri itu dari pada tempat kedudukan Pengadilan Negeri yang di dalam daerahnya tindak pidana itu dilakukan, melakukan pemufakatan jahat untuk melakukan tindak pidana, tanpa hak atau melawan hukum memiliki, menyimpan, menguasai atau menyediakan narkotika Golongan I bukan tanaman, perbuatan tersebut para terdakwa lakukan dengan cara-cara sebagai berikut : ------------------------------------------------------------------------------              
-    Bahwa pada hari Kamis tanggal 25 November 2021 sekira pukul 22.00 Wib, saat terdakwa 1. DEWA SHAHRUL RAMADHAN alias BULUK bin MUGNI (alm) bersama dengan terdakwa 2. EVAN SEPTIANSYAH alias EVAN bin IWIN WINARYA (alm) sedang berada depan Citi Mart Hotel BSD Jalan Boulevard BSD Timur Kel. Rawa Buntu Kec. Serpong Kota Tangerang Selatan dihampiri oleh beberapa anggota Polisi dari Sat Narkoba Polres Metro Jakarta Selatan yaitu saksi ASEP NURYADIN bersama dengan saksi WAHYU FITRIANSYAH yang sebelumnya mendapat informasi dari warga masyarakat bahwa di derah tersebut sering dijadikan tempat peredaran narkotika, lalu saat dilakukan penggeledahan badan terhadap para terdakwa ditemukan 1 (satu) lembar tissue warna putih berisi 1 (satu) bungkus bekas permen “Lazery Yogurt” berisi 1 (satu) bungkus plastik klip berisikan kristal warna putih dengan berat netto 0,6787 gram yang sebeleumnya terdakwa 1 simpan didalam kantong celana depan sebelah kanan serta dilakukan penyitaan terhadap 1 (satu) unit handphone Vivo Y12 merah Maroon dengan nomor simcard 089520482318 milik terdakwa 1, sedangkan dari penguasaan terdakwa 2 tidak ditemukan narkotika jenis shabu, selanjutnya terdakwa berikut barang bukti langsung diamankan ke Polsek Pesanggrahan Jakarta Selatan untuk pemeriksaan lebih lanjut.
-    Bahwa para terdakwa melakukan pemufakatan jahat untuk melakukan tindak pidana, tanpa hak atau melawan hukum memiliki, menyimpan, menguasai atau menyediakan narkotika Golongan I bukan tanaman berupa narkotika jenis shabu dengan berat netto 0,6787 gram tersebut tanpa dilengkapi surat ijin dari Menteri Kesehatan RI atau Instansi yang berwenang lainnya dan juga bukan untuk kepentingan Ilmu Pengetahuan atau Kesehatan serta tidak ada kaitannya dengan kegiatan atau pekerjaan terdakwa sehari-hari.
-    Bahwa Berdasarkan Berita Acara Pemeriksaan Laboratoris Kriminalistik dari Badan Reserse Kriminal Polri Pusat Laboratorium Forensik NO.LAB : 5278/NNF/2021, pada tanggal 09 Desember 2021 dapat disimpulkan bahwa : 1 (satu) lembar tissue warna putih berisi 1 (satu) bungkus bekas permen “Lazery Yogurt” berisi 1 (satu) bungkus plastik klip berisikan kristal warna putih dengan berat netto 0,6787 gram, diberi nomor barang bukti 3432/2021/NF yang disita para terdakwa tersebut adalah benar mengandung Metamfetamina dan terdaftar dalam Golongan I nomor urut 61 Lampiran Undang-Undang RI Nomor 35 tahun 2009 tentang Narkotika, (sisa hasil lab berat netto 0,6628 gram).
--- Perbuatan para terdakwa merupakan tindak pidana sebagaimana diatur dan diancam pidana dalam pasal 112 ayat (1) Jo 132 ayat (1) Undang-Undang RI No.  35 tahun 2009 tentang Narkotika.');

INSERT INTO PERDATA
VALUES (N'263/Pid.Sus/2022/PN JKT.SEL', N'DALAM PROVISI:
Menyatakan demi hukum selama proses perkara berlangsung sampai adanya putusan hukum yang berkekuatan hukum tetap, memerintahkan Tergugat tidak melakukan perhitungan penambahan jumlah bunga dan denda serta tidak melakukan penagihan kepada Penggugat.
Menyatakan putusan dapat dijalankan terlebih dahulu meskipun ada upaya hukum banding, kasasi maupun perlawanan.

DALAM POKOK PERKARA

Mengabulkan Gugatan Penggugat untuk seluruhnya;
Menyatakan demi hukum Perjanjian Kredit Nomor 35 tertanggal 30 Juli 2018 Jo. Perjanjian Perubahan Ke-1 Nomor: /MB-IS/KKBP-ADD-VI/2020 tanggal 8 Juni 2020, Jo. Perjanjian Perubahan Ke-2 Nomor: 025/MB-IS/MTH/ADD/IV/2021 tanggal 6 April 2021, Jo. Surat tertanggal 15 Maret 2022 perihal Pemberitahuan Nilai Pelunasan untuk Tanggal 18 Maret 2022 adalah sah;
Menyatakan Tergugat telah melakukan perbuatan wanprestasi;
Menghukum Tergugat untuk menerima pembayaran dari Penggugat atas pelunasan fasilitas kredit sebesar Rp 7.352.517.747,57 (tujuh miliar tiga ratus lima puluh dua juta lima ratus tujuh belas ribu tujuh ratus empat puluh tujuh koma lima puluh tujuh rupiah).
Menghukum Tergugat untuk menanggung selisih pelunasan fasilitas kredit sebesar Rp 857.482.252,43 (delapan ratus lima puluh tujuh juta empat ratus delapan puluh dua ribu dua ratus lima puluh dua koma empat puluh tiga Rupiah) maupun seluruh tambahannya jika ada.
Memerintahkan Tergugat untuk mengembalikan SHM Nomor 1214/Kalibata seluas 1.193 M2 yang terletak di jalan Kalibata Timur 1 No. 10 A-B RT. 002/008 Kelurahan Kalibata, Kecamatan Pancoran, Kota Jakarta Selatan, DKI Jakarta, kepada Penggugat setelah pelunasan fasilitas kredit.
Menghukum Tergugat untuk membayar kepada Penggugat atas Kerugian Materiil yang dialami antara lain:
Pembayaran yang diambil sepihak oleh Tergugat setelah “menolak Pelunasan Kredit”, sebesar Rp 128.845.095,70 (seratus dua puluh delapan juta delapan ratus empat puluh lima ribu Sembilan puluh lima koma tujuh puluh rupiah).
Biaya-biaya yang timbul dalam penyelesaian perkara a-quo sebesar Rp 200.000.000 ,00 (dua ratus juta Rupiah).
Menghukum Tergugat untuk membayar kerugian Immateriil kepada Penggugat sebesar Rp 500.000.000,00 (lima ratus juta Rupiah).
Menghukum Tergugat untuk membayar biaya perkara yang timbul akibat perkara ini;', N'Tidak');

INSERT INTO JAKSA_PENUNTUN_UMUM
VALUES (N'03138910021', N'GUNTUR GANI PRAKOSO., SH', N'081990012890');

INSERT INTO SAKSI
VALUES (N'7732902121', N'Saksi', N'Jl. Imam Bonjol, 45 002/003 Cilandak, Jakarta Selatan',N'Asep Nuryadin', N'263/Pid.Sus/2022/PN JKT.SEL');

INSERT INTO BERKAS 
VALUES (N'002-182-810', N'2022-04-05', N'263/Pid.Sus/2022/PN JKT.SEL');
INSERT INTO BERKAS
VALUES (N'003-182-810', N'2022-05-04', N'263/Pid.Sus/2022/PN JKT.SEL');
INSERT INTO BERKAS
VALUES (N'004-182-810', N'2022-05-04',N'263/Pid.Sus/2022/PN JKT.SEL');
INSERT INTO BERKAS
VALUES (N'005-182-810', N'2022-05-04', N'263/Pid.Sus/2022/PN JKT.SEL');

INSERT INTO BARANG_BUKTI
VALUES (N'002-182-810', N'	1 bungkus plastik klip bening berisi narkotika jenis shabu berat brutto 0,78 gram yang dimasukkan kedalam bekas bungkus permen Lazery Yogurt kemudian dibungkus lagi menggunakan tissue warna putih, 1 unit handphone Merk vivo Y12 warna merah maroon beserta simcard 089520482318', N'Kejaksaan Negeri Jaksel');

INSERT INTO NOTA_PEMBELAAN
VALUES (N'003-182-810', N' Dengan ini kami', N'Pasal 84');

INSERT INTO NOTA_TANGGAPAN
VALUES (N'004-182-810', N' Dengan ini kami', N'Kami menilai');

INSERT INTO SURAT_PELIMPAHAN
VALUES (N'005-182-810',N'B-258/APB/SEL/Enz.2/03/2022', N'2022-04-05');

INSERT INTO SUBJEK_HUKUM
VALUES (N'S1-91002', N'Jl.Sugandi');
INSERT INTO SUBJEK_HUKUM
VALUES (N'S2-91455', N'Jl.Sugandp');
INSERT INTO SUBJEK_HUKUM
VALUES (N'P2-90323', N'Jl.Sugandu');
INSERT INTO SUBJEK_HUKUM
VALUES (N'P2-91543', N'Jl.Suganai');

INSERT INTO PERSEORANGAN
VALUES (N'7792001083', N'INA SOVIANA', N'S1-91002');
INSERT INTO PERSEORANGAN
VALUES (N'7819291210', N'DEWA SHAHRUL RAMADHAN alias BULUK bin MUGNI alm', N'P2-90323');
INSERT INTO PERSEORANGAN
VALUES (N'7390323021', N'EVAN SEPTIANSYAH alias EVAN bin IWIN WINARYA alm', N'P2-91543');

INSERT INTO BADAN_HUKUM
VALUES (N'5593820005', N'PT Bank MNC Internasional Tbk', N'S2-91455');

INSERT INTO ADVOKAT
VALUES (N'3119923013', N'DARMANTA SITEPU, S.H.', N'Kantor Hukum Trigonto dan Rekan', N'(021) 889-392');

INSERT INTO MENGURUSI
VALUES (N'903/Pdt.G/2022/PN JKT.SEL', N'19660807 199212 2 001', N'Hakim Ketua');
INSERT INTO MENGURUSI
VALUES (N'263/Pid.Sus/2022/PN JKT.SEL', N'19741214 200112 1 001', N'Hakim Ketua');

INSERT INTO MENJAKSAI
VALUES (N'03138910021', N'263/Pid.Sus/2022/PN JKT.SEL');

INSERT INTO PENGGUGAT
VALUES (N'S1-91002');

INSERT INTO TERGUGAT
VALUES (N'S2-91455');

INSERT INTO TERDAKWA
VALUES (N'P2-90323');

INSERT INTO TERDAKWA
VALUES (N'P2-91543');

INSERT INTO  DIAJUKAN
VALUES (N'S1-91002', N'263/Pid.Sus/2022/PN JKT.SEL');

INSERT INTO DIGUGAT
VALUES (N'S2-91455', N'263/Pid.Sus/2022/PN JKT.SEL');

INSERT INTO MENUNTUT
VALUES (N'263/Pid.Sus/2022/PN JKT.SEL', N'P2-91543');
INSERT INTO MENUNTUT
VALUES (N'263/Pid.Sus/2022/PN JKT.SEL', N'P2-90323');

INSERT INTO PUTUSAN_PERDATA
VALUES (N'01/12/640/Pdt.G/2022/PN JKT.SEL', N'2022-09-19', N'Rp 0,00', N'MENETAPKAN :
Mengabulkan permohonan Penggugat tentang Pencabutan Perkara tersebut;
Menyatakan perkara perdata Register Nomor 640/Pdt.G/2022/PN.Jkt.Sel. yang diterima dan didaftarkan di Kepaniteraan Pengadilan Negeri Jakarta Selatan dicabut;
Memerintahkan Panitera Pengadilan Negeri Jakarta Selatan untuk mencatatkan  pencabutan perkara perdata Register Nomor 640/Pdt.G/2022/PN.Jkt.Sel di Register yang tersedia untuk itu;
Menghukum Penggugat untuk membayar biaya yang timbul dalam perkara ini sejumlah Rp. 725.000,- (tujuh ratus dua puluh lima ribu rupiah);', N'Tidak', N'BERKAS DIKIRIM KE ARSIP PADA TANGGAL 07-12-2022', N'2022-09-27', N'4', N'263/Pid.Sus/2022/PN JKT.SEL');

INSERT INTO PUTUSAN_PIDANA
VALUES (N'01/12/263/Pid.Sus/2022/PN JKT.SEL', N'2022-06-29', N'MENGADILI

Menyatakan Terdakwa Dewa Shahrul Ramadhan Alias Buluk Bin Mugni (Alm) dan Terdakwa Evan Septiansyah Alias Evan Bin Iwin Winarya (Alm)  telah terbukti secara sah dan meyakinkan bersalah melakukan tindak pidana: “tanpa hak melakukan permufakatan jahat menjadi perantara jual beli narkotika golongan I”;
Menjatuhkan pula pidana penjara terhadap Para terdakwa oleh karena itu masing-masing selama 5 (lima) tahun dan 6 (enam) bulan, denda masing-masing sebesar Rp1.000.000.000,00 (satu miliar  rupiah), apabila denda tidak dibayar, maka diganti dengan pidana penjara masing-masing selama  2 (dua) bulan;
Menetapkan masa penangkapan dan penahanan yang telah dijalani Para Terdakwa dikurangkan seluruhnya dari pidana  yang dijatuhkan;
Menetapkan Para Terdakwa tetap berada dalam tahanan ;
Menetapkan barang bukti berupa:
1 (satu) bungkus plastik klip bening berisikan yang berisikan narkotika bukan tanaman (shabu), berat Netto 0,6628 gram.
Dirampas Untuk Dimusnahkan;

1 (satu) unit handphone merk Vivo Y12, Warana Merah beserta simcard 089520482318.
Dirampas Untuk Negara

6.  Membebankan Para Terdakwa untuk membayar biaya perkara masing-masing sebesar Rp.2.000,- (dua  ribu  rupiah);', N'Diterima', N'263/Pid.Sus/2022/PN JKT.SEL', N'P2-91543' );

INSERT INTO SIDANG 
VALUES (N'01/640/Pdt.G/2022/PN JKT.SEL', N'2022-08-08', N'SIDANG PERTAMA', N'Ruang Sidang 02',N'19:00:00');

INSERT INTO RIWAYAT
VALUES (N'01/01/640/Pdt.G/2022/PN JKT.SEL',N'2022-07-18',N'Pendaftaran Perkara', N'Pendaftaran Perkara');

UPDATE PERKARA
SET No_Sidang = N'01/640/Pdt.G/2022/PN JKT.SEL' , No_Surat = N'01/01/640/Pdt.G/2022/PN JKT.SEL'
WHERE No_Perkara = N'640/Pdt.G/2022/PN JKT.SEL'
